Date,Reference ID,Amount,Charges,GST Amount,Total,Created At
11/08/2025,PAYS99131242,25000.08,387.5,69.75,25457.33,2025-08-11T09:58:57.271Z
11/08/2025,PAYS20737832,10774,167,30.06,10971.06,2025-08-11T10:06:41.613Z
11/08/2025,PAYS72259702,35000,542.5,97.65,35640.15,2025-08-11T11:03:11.087Z
11/08/2025,PAYS31636558,1100,17.05,3.07,1120.12,2025-08-11T12:42:19.372Z
11/08/2025,PAYS35192881,1300,20.15,3.63,1323.78,2025-08-11T12:42:28.243Z
11/08/2025,PAYS58637663,1100,17.05,3.07,1120.12,2025-08-11T12:42:36.298Z
11/08/2025,PAYS68180591,1100,17.05,3.07,1120.12,2025-08-11T12:42:48.055Z
11/08/2025,PAYS82761745,1050,16.27,2.93,1069.2,2025-08-11T12:43:00.344Z
11/08/2025,PAYS58613469,1002,15.53,2.8,1020.33,2025-08-11T12:43:12.743Z
11/08/2025,PAYS39739674,1500,23.25,4.18,1527.43,2025-08-11T12:43:24.912Z
11/08/2025,PAYS26924255,1047,16.23,2.92,1066.15,2025-08-11T12:43:36.974Z
11/08/2025,PAYS91447446,1056,16.37,2.95,1075.31,2025-08-11T12:43:48.286Z
11/08/2025,PAYS57918355,1700,26.35,4.74,1731.09,2025-08-11T12:46:00.704Z
11/08/2025,PAYS99196432,3000,46.5,8.37,3054.87,2025-08-11T12:46:08.889Z
11/08/2025,PAYS89716635,3000,46.5,8.37,3054.87,2025-08-11T12:46:21.178Z
11/08/2025,PAYS65321266,5000,77.5,13.95,5091.45,2025-08-11T12:46:33.319Z
11/08/2025,PAYS12586175,2003,31.05,5.59,2039.63,2025-08-11T12:46:37.562Z
11/08/2025,PAYS75901370,3001,46.52,8.37,3055.89,2025-08-11T12:46:41.657Z
11/08/2025,PAYS99578338,4000,62,11.16,4073.16,2025-08-11T12:46:45.745Z
11/08/2025,PAYS29136347,2000,31,5.58,2036.58,2025-08-11T12:46:53.944Z
11/08/2025,PAYS19127365,2000,31,5.58,2036.58,2025-08-11T12:46:58.036Z
11/08/2025,PAYS96282596,5000,77.5,13.95,5091.45,2025-08-11T12:47:02.139Z
11/08/2025,PAYS35222223,5000,77.5,13.95,5091.45,2025-08-11T12:47:10.324Z
11/08/2025,PAYS86899439,1934,29.98,5.4,1969.37,2025-08-11T12:47:14.417Z
11/08/2025,PAYS84473105,2824,43.77,7.88,2875.65,2025-08-11T12:47:18.516Z
11/08/2025,PAYS24986051,2000,31,5.58,2036.58,2025-08-11T12:47:20.974Z
11/08/2025,PAYS43486413,5000,77.5,13.95,5091.45,2025-08-11T12:47:26.716Z
11/08/2025,PAYS80161005,3357,52.03,9.37,3418.4,2025-08-11T12:47:31.097Z
11/08/2025,PAYS12119313,2100,32.55,5.86,2138.41,2025-08-11T12:47:38.323Z
11/08/2025,PAYS38514496,2000,31,5.58,2036.58,2025-08-11T12:47:43.090Z
11/08/2025,PAYS44483201,1500,23.25,4.18,1527.43,2025-08-11T12:47:47.181Z
11/08/2025,PAYS15628432,2000,31,5.58,2036.58,2025-08-11T12:48:01.097Z
11/08/2025,PAYS48758000,7500,116.25,20.93,7637.18,2025-08-11T12:48:01.801Z
11/08/2025,PAYS38890704,2700,41.85,7.53,2749.38,2025-08-11T12:48:07.664Z
11/08/2025,PAYS63165868,2000,31,5.58,2036.58,2025-08-11T12:48:11.897Z
11/08/2025,PAYS95097976,2000,31,5.58,2036.58,2025-08-11T12:48:18.859Z
11/08/2025,PAYS92584947,3000,46.5,8.37,3054.87,2025-08-11T12:48:24.056Z
11/08/2025,PAYS70248690,9000,139.5,25.11,9164.61,2025-08-11T12:48:30.045Z
11/08/2025,PAYS40117691,6002,93.03,16.75,6111.78,2025-08-11T12:48:36.348Z
11/08/2025,PAYS29965162,5000,77.5,13.95,5091.45,2025-08-11T12:48:44.392Z
11/08/2025,PAYS95235008,7500,116.25,20.93,7637.18,2025-08-11T12:48:56.439Z
11/08/2025,PAYS72548367,2500,38.75,6.97,2545.72,2025-08-11T12:49:02.370Z
11/08/2025,PAYS35950066,1940,30.07,5.41,1975.48,2025-08-11T12:49:08.970Z
11/08/2025,PAYS81328638,4850,75.17,13.53,4938.71,2025-08-11T12:49:16.973Z
11/08/2025,PAYS78823841,3000,46.5,8.37,3054.87,2025-08-11T12:49:21.253Z
11/08/2025,PAYS25851588,1940,30.07,5.41,1975.48,2025-08-11T12:49:29.460Z
11/08/2025,PAYS30002334,2000,31,5.58,2036.58,2025-08-11T12:49:37.648Z
11/08/2025,PAYS94646760,9700,150.35,27.06,9877.41,2025-08-11T12:49:41.866Z
11/08/2025,PAYS65666515,1934,29.98,5.4,1969.37,2025-08-11T12:50:02.395Z
11/08/2025,PAYS30181098,2000,31,5.58,2036.58,2025-08-11T12:50:06.472Z
11/08/2025,PAYS33685911,7000,108.5,19.53,7128.03,2025-08-11T12:50:13.955Z
11/08/2025,PAYS94781836,1600,24.8,4.46,1629.26,2025-08-11T12:50:20.157Z
11/08/2025,PAYS47145721,1997,30.95,5.57,2033.53,2025-08-11T12:50:26.947Z
11/08/2025,PAYS64813949,1940,30.07,5.41,1975.48,2025-08-11T12:50:35.130Z
11/08/2025,PAYS58363101,1940,30.07,5.41,1975.48,2025-08-11T12:50:40.600Z
11/08/2025,PAYS91616685,2000,31,5.58,2036.58,2025-08-11T12:50:47.431Z
11/08/2025,PAYS68525530,1365,21.16,3.81,1389.97,2025-08-11T12:50:55.615Z
11/08/2025,PAYS21464223,2000,31,5.58,2036.58,2025-08-11T12:51:01.709Z
11/08/2025,PAYS34338472,3000,46.5,8.37,3054.87,2025-08-11T12:51:07.907Z
11/08/2025,PAYS96340797,1500,23.25,4.18,1527.43,2025-08-11T12:51:13.848Z
11/08/2025,PAYS76161320,6500,100.75,18.14,6618.89,2025-08-11T12:51:20.192Z
11/08/2025,PAYS18369145,3092,47.93,8.63,3148.55,2025-08-11T12:51:26.044Z
11/08/2025,PAYS11155248,5000,77.5,13.95,5091.45,2025-08-11T12:51:32.482Z
11/08/2025,PAYS84153709,4500,69.75,12.55,4582.31,2025-08-11T12:51:38.783Z
11/08/2025,PAYS41269478,10000,155,27.9,10182.9,2025-08-11T12:51:50.712Z
11/08/2025,PAYS72464366,5000,77.5,13.95,5091.45,2025-08-11T12:52:05.243Z
11/08/2025,PAYS86123140,4000,62,11.16,4073.16,2025-08-11T12:52:13.429Z
11/08/2025,PAYS48902207,2477,38.39,6.91,2522.3,2025-08-11T12:52:15.695Z
11/08/2025,PAYS13319852,3000,46.5,8.37,3054.87,2025-08-11T12:52:20.493Z
11/08/2025,PAYS90667280,4500,69.75,12.55,4582.31,2025-08-11T12:52:29.863Z
11/08/2025,PAYS71098332,1186,18.38,3.31,1207.69,2025-08-11T13:28:52.555Z
11/08/2025,PAYS18878464,1824,28.27,5.09,1857.36,2025-08-11T13:31:25.528Z
,,,,,,
SUMMARY,,,,,,
Total Transactions,72,,,,,
Total Amount,,289435.08,,,,
Total Charges,,,4486.24,,,
Total GST,,,,807.52,,
Grand Total,,,,,294728.85,
